﻿;Relationship;;Distribution;;;;Comparison;;;;;;;Composition;;;;;;;
Name \ Graph;Scatter Chart;Histogram;Bar chart;Line ;pie charts;Area Chart;Horizontal bar char;Bubble Chart;Horizon;Box plot;gantt charts;population pyramid charts;Guage charts;Gantt charts;Dot plots;Svg;Log plots;contour plots;quiver plots;spectrogram plots;Link for more supported plots
Matplotlib;y;y;y;y;y;n;y;y;n;y;n;n;n;n;n;n;y;y;y;y;https://matplotlib.org/3.1.0/gallery/index.html
Seaborn;y;y;y;y;n;y;y;y;n;y;n;n;n;n;y;n;n;y;y;n;http://seaborn.pydata.org/examples/index.html
Bokeh;y;y;y;y;y(need to import extra stuff);y;y(Not direct);n;y;y;n;n;n;n;n;n;n;y(but not direct need to use Matplotlib);y;n;https://bokeh.pydata.org/en/latest/docs/gallery.html ,https://bokeh.pydata.org/en/latest/docs/user_guide/quickstart.html, https://s3.amazonaws.com/assets.datacamp.com/blog_assets/Python_Bokeh_Cheat_Sheet.pdf
plotly;y;y;y;y;y;y;y;y;n;y;y;y;y;y;y;y;y;y;n;n;https://plot.ly/r/
;;;;;;;;;;;;;;;;;;;;;
;;;;;;;;;;;;;;;;;;;;;
;;;;;;;;;;;;;;;;;;;;;
;;;;;;;;;;;;;;;;;;;;;
;;;;;;;;;;;;;;;;;;;;;
;;;;;;;;;;;;;;;;;;;;;
;;;;;;;;;;;;;;;;;;;;;
;;;;;;;;;;;;;;;;;;;;;
;;;;;;;;;;;;;;;;;;;;;
;;;;;;;;;;;;;;;;;;;;;
;;;;;;;;;;;;;;;;;;;;;
;;;;;;;;;;;;;;;;;;;;;
;;;;;;;;;;;;;;;;;;;;;
;;;;;;;;;;;;;;;;;;;;;
;;;;;;;;;;;;;;;;;;;;;
;;;;;;;;;;;;;;;;;;;;;
;;;;;;;;;;;;;;;;;;;;;