﻿Name;Base Technology ;Supported  languages (connectros / SDKs / libararies);Result deployable as a web service?;Direct Neo4j support? (see https://neo4j.com/developer/language-guides/ );last update of project / size of community;REST Interface;License;Stackoverflow;;;;;;;
matplotlib;python;python library;yes;yes;23. Jun 17;yes;PSF;39170;;;;;;;
seaborn;python;python library;yes;yes;Jul 18;yes;;3316;;;;;;;
Bokeh;python;python library;yes;yes;Apr 19;yes;MIT, BSD;3038;;;;;;;
plotly;python and Django;python library;yes;yes;May 7th;yes;Mit;4437;;;;;;;
;;;;;;;;;;;;;;;
;;;;;;;;;;;;;;;
;;;;;;;;;;;;;;;
;;;;;;;;;;;;;;;
;;;;;;;;;;;;;;;
;;;;;;;;;;;;;;;
;;;;;;;;;;;;;;;
;;;;;;;;;;;;;;;
;;;;;;;;;;;;;;;
;;;;;;;;;;;;;;;
;;;;;;;;;;;;;;;
;;;;;;;;;;;;;;;
;;;;;;;;;;;;;;;
;;;;;;;;;;;;;;;
;;;;;;;;;;;;;;;
;;;;;;;;;;;;;;;
;;;;;;;;;;;;;;;
;;;;;;;;;;;;;;;
;;;;;;;;;;;;;;;
;;;;;;;;;;;;;;;
;;;;;;;;;;;;;;;
;;;;;;;;;;;;;;;
;;;;;;;;;;;;;;;
;;;;;;;;;;;;;;;